longitude,latitude,housing_median_age,total_rooms,total_bedrooms,population,households,median_income,ocean_proximity
-122.4,37.72,41.0,1975.0,440.0,1528.0,424.0,3.8625,NEAR BAY
-121.98,38.34,18.0,3876.0,916.0,2386.0,867.0,2.5938,INLAND
-117.82,33.64,18.0,1974.0,260.0,808.0,278.0,9.8589,<1H OCEAN
-118.34,34.02,48.0,1614.0,320.0,684.0,318.0,4.2218,<1H OCEAN
-120.93,38.26,13.0,2084.0,449.0,834.0,305.0,3.2937,INLAND
-117.93,33.82,28.0,2444.0,555.0,1848.0,567.0,3.0179,<1H OCEAN
-120.98,39.93,25.0,2220.0,511.0,912.0,449.0,1.8914,INLAND
-121.05,39.13,10.0,3063.0,497.0,1168.0,507.0,4.4375,INLAND
-122.32,38.35,20.0,3494.0,549.0,1673.0,541.0,5.5718,INLAND
-117.25,33.08,13.0,3651.0,465.0,1311.0,435.0,7.5402,NEAR OCEAN
-118.38,34.06,29.0,3946.0,1008.0,1676.0,876.0,2.7824,<1H OCEAN
-118.58,34.22,35.0,2560.0,441.0,1428.0,468.0,5.6345,<1H OCEAN
-122.01,37.94,26.0,1619.0,224.0,706.0,220.0,6.0704,NEAR BAY
-117.7,35.6,16.0,2678.0,483.0,1473.0,487.0,3.858,INLAND
-117.93,34.03,35.0,2160.0,399.0,1694.0,403.0,3.8581,<1H OCEAN
-122.14,37.88,34.0,6986.0,1096.0,2865.0,1124.0,6.2275,NEAR BAY
-121.38,36.85,13.0,4115.0,782.0,2903.0,747.0,3.7316,INLAND
-121.06,37.67,31.0,906.0,146.0,383.0,129.0,3.4167,INLAND
-122.28,37.82,52.0,1489.0,335.0,728.0,244.0,0.8172,NEAR BAY
-118.13,34.16,36.0,2162.0,658.0,1337.0,590.0,2.2095,<1H OCEAN
-118.3,33.93,35.0,1300.0,356.0,1216.0,326.0,1.2,<1H OCEAN
-117.21,34.14,16.0,1613.0,245.0,811.0,267.0,5.2591,INLAND
-118.36,33.91,36.0,2064.0,474.0,1366.0,421.0,4.1,<1H OCEAN
-118.08,33.89,28.0,1035.0,275.0,1545.0,269.0,3.0357,<1H OCEAN
-121.91,37.93,13.0,1610.0,198.0,703.0,217.0,8.7059,INLAND
-117.71,34.1,52.0,567.0,152.0,2688.0,126.0,1.875,INLAND
-118.41,34.28,32.0,2574.0,531.0,2609.0,472.0,3.7566,<1H OCEAN
-117.05,32.63,31.0,4911.0,861.0,2334.0,843.0,4.1958,NEAR OCEAN
-117.87,33.64,26.0,3521.0,455.0,1336.0,451.0,10.2849,<1H OCEAN
-117.28,32.83,34.0,2392.0,653.0,933.0,619.0,3.7306,NEAR OCEAN
-118.39,33.84,16.0,2472.0,572.0,965.0,529.0,5.137,<1H OCEAN
-117.89,33.62,24.0,1016.0,238.0,465.0,236.0,3.0625,<1H OCEAN
-122.37,37.95,32.0,1298.0,363.0,716.0,268.0,0.9797,NEAR BAY
-122.28,37.82,52.0,1387.0,341.0,1074.0,304.0,1.2171,NEAR BAY
-118.27,34.16,48.0,1301.0,253.0,637.0,260.0,4.3438,<1H OCEAN
-117.67,33.47,22.0,2728.0,616.0,1081.0,566.0,1.6393,<1H OCEAN
-122.41,37.8,52.0,1394.0,395.0,1700.0,400.0,2.75,NEAR BAY
-122.27,37.82,40.0,946.0,375.0,700.0,352.0,1.775,NEAR BAY
-117.91,33.9,27.0,829.0,114.0,383.0,133.0,9.3125,<1H OCEAN
-117.22,33.81,4.0,9911.0,1946.0,5145.0,1661.0,3.4237,INLAND
-121.01,37.61,5.0,3655.0,696.0,2316.0,647.0,3.4703,INLAND
-121.79,37.31,22.0,2199.0,361.0,1270.0,386.0,5.1149,<1H OCEAN
-121.37,38.58,37.0,2839.0,390.0,1006.0,400.0,7.3343,INLAND
-118.19,33.86,38.0,2009.0,524.0,1449.0,451.0,2.7045,<1H OCEAN
-118.14,34.04,43.0,1949.0,464.0,1216.0,457.0,3.3214,<1H OCEAN
-118.98,37.64,17.0,3769.0,908.0,1160.0,453.0,3.05,INLAND
-118.39,34.08,28.0,833.0,230.0,349.0,210.0,3.067,<1H OCEAN
-118.37,34.07,52.0,2195.0,435.0,884.0,432.0,5.24,<1H OCEAN
-122.26,37.82,37.0,3633.0,1085.0,1838.0,980.0,2.6104,NEAR BAY
-122.28,37.82,52.0,1170.0,235.0,701.0,233.0,1.6098,NEAR BAY
-122.75,38.5,16.0,4196.0,638.0,1713.0,615.0,5.449,<1H OCEAN
-121.96,37.27,22.0,6114.0,1211.0,2983.0,1163.0,5.2533,<1H OCEAN
-121.29,38.15,23.0,4183.0,633.0,1886.0,628.0,4.8787,INLAND
-117.29,33.18,15.0,3780.0,792.0,1632.0,721.0,2.7644,NEAR OCEAN
-122.28,37.81,52.0,340.0,97.0,200.0,87.0,1.5208,NEAR BAY
-117.13,32.7,35.0,1179.0,344.0,1372.0,330.0,1.9509,NEAR OCEAN
-117.97,34.1,26.0,1399.0,277.0,1285.0,276.0,4.0,INLAND
-119.85,36.8,14.0,1876.0,324.0,1031.0,311.0,3.6563,INLAND
-122.26,37.78,52.0,970.0,217.0,528.0,208.0,3.3438,NEAR BAY
-119.21,36.38,18.0,2158.0,413.0,1461.0,395.0,2.0216,INLAND
-120.96,37.67,18.0,1442.0,229.0,538.0,220.0,4.2969,INLAND
-122.29,37.81,46.0,935.0,297.0,582.0,277.0,0.7286,NEAR BAY
-122.25,37.85,52.0,919.0,213.0,413.0,193.0,4.0368,NEAR BAY
-118.31,34.08,49.0,2549.0,630.0,1539.0,594.0,2.6218,<1H OCEAN
-121.28,38.68,16.0,3467.0,615.0,1478.0,601.0,3.75,INLAND
-118.33,33.98,28.0,3889.0,1199.0,3121.0,1046.0,1.8806,<1H OCEAN
-118.26,33.85,24.0,9071.0,1335.0,4558.0,1327.0,5.542,<1H OCEAN
-122.19,37.78,52.0,2198.0,397.0,984.0,369.0,3.22,NEAR BAY
-122.26,37.85,52.0,3503.0,752.0,1504.0,734.0,3.2705,NEAR BAY
-122.26,37.85,50.0,1120.0,283.0,697.0,264.0,2.125,NEAR BAY
-118.36,34.1,52.0,1096.0,247.0,423.0,230.0,3.0179,<1H OCEAN
-116.9,32.84,18.0,3612.0,737.0,1864.0,713.0,2.7069,<1H OCEAN
-122.35,37.95,45.0,2142.0,431.0,1318.0,431.0,3.0737,NEAR BAY
-117.92,33.83,52.0,1514.0,301.0,855.0,293.0,3.6042,<1H OCEAN
-117.99,34.14,30.0,2346.0,,1988.0,474.0,2.5625,INLAND
-117.24,34.15,23.0,3847.0,608.0,1621.0,630.0,4.6111,INLAND
-119.68,34.43,49.0,1785.0,386.0,1267.0,380.0,3.5208,<1H OCEAN
-122.31,38.0,26.0,3735.0,641.0,1708.0,633.0,4.621,NEAR BAY
-122.64,38.23,52.0,1075.0,249.0,519.0,210.0,3.0769,<1H OCEAN
-118.24,33.99,44.0,448.0,116.0,504.0,96.0,1.875,<1H OCEAN
-117.8,33.74,30.0,3569.0,551.0,1540.0,537.0,5.2998,<1H OCEAN
-118.42,34.32,30.0,3027.0,604.0,1970.0,590.0,4.3409,<1H OCEAN
-117.88,34.0,32.0,265.0,51.0,170.0,50.0,3.9375,<1H OCEAN
-121.92,37.3,35.0,1335.0,296.0,635.0,296.0,3.6053,<1H OCEAN
-119.7,34.4,25.0,1858.0,493.0,865.0,460.0,3.0938,NEAR OCEAN
-117.87,33.72,39.0,3167.0,669.0,2789.0,619.0,3.5902,<1H OCEAN
-118.23,34.1,41.0,1353.0,379.0,1536.0,416.0,2.1687,<1H OCEAN
-118.12,33.97,35.0,708.0,145.0,471.0,153.0,3.2,<1H OCEAN
-122.96,38.26,20.0,1982.0,358.0,308.0,132.0,3.1429,NEAR OCEAN
-118.04,34.1,38.0,2317.0,451.0,1155.0,426.0,4.1488,INLAND
-122.26,38.28,24.0,2831.0,502.0,1462.0,503.0,4.5,NEAR BAY
-123.02,38.36,16.0,1496.0,298.0,778.0,284.0,3.8589,NEAR OCEAN
-118.6,34.16,37.0,3441.0,584.0,1283.0,544.0,4.1656,<1H OCEAN
-120.76,37.61,30.0,816.0,159.0,531.0,147.0,3.2604,INLAND
-118.05,34.06,25.0,1022.0,291.0,1570.0,297.0,3.023,<1H OCEAN
-118.51,34.3,24.0,6145.0,868.0,2710.0,875.0,7.5078,<1H OCEAN
-117.21,32.87,12.0,1428.0,303.0,528.0,269.0,4.1429,NEAR OCEAN
-118.37,33.82,32.0,2815.0,607.0,1338.0,609.0,4.5687,<1H OCEAN
-122.28,37.82,52.0,1238.0,288.0,622.0,259.0,1.5057,NEAR BAY
-117.14,32.75,35.0,1391.0,329.0,726.0,317.0,2.6818,NEAR OCEAN
-117.87,33.78,30.0,2022.0,522.0,1196.0,463.0,3.7454,<1H OCEAN
-117.76,34.06,30.0,1700.0,504.0,1719.0,459.0,2.227,INLAND
-117.62,34.09,26.0,3271.0,595.0,2259.0,566.0,4.0139,INLAND
-121.39,38.55,18.0,1734.0,467.0,783.0,447.0,1.9044,INLAND
-117.85,33.85,17.0,4678.0,1065.0,2427.0,1020.0,4.2276,<1H OCEAN
-119.24,36.8,17.0,2052.0,405.0,975.0,340.0,2.6902,INLAND
-119.49,34.39,17.0,4617.0,982.0,2303.0,923.0,3.9224,NEAR OCEAN
-118.04,34.07,39.0,2451.0,649.0,2536.0,648.0,2.3098,<1H OCEAN
-118.17,33.74,36.0,2006.0,453.0,807.0,426.0,3.7838,NEAR OCEAN
-119.73,36.62,35.0,2080.0,365.0,1026.0,333.0,3.5781,INLAND
-118.38,34.21,42.0,715.0,145.0,730.0,158.0,3.8,<1H OCEAN
-118.32,33.94,36.0,1722.0,280.0,830.0,261.0,4.0536,<1H OCEAN
-118.19,34.08,38.0,1241.0,298.0,1055.0,263.0,2.3409,<1H OCEAN
-118.33,34.07,52.0,1482.0,171.0,531.0,161.0,15.0001,<1H OCEAN
-121.33,38.7,15.0,2226.0,421.0,1004.0,417.0,2.7868,INLAND
-121.7,36.67,37.0,641.0,129.0,458.0,142.0,3.3456,<1H OCEAN
-118.36,33.98,46.0,1425.0,283.0,782.0,273.0,5.057,<1H OCEAN
-121.28,38.59,3.0,4188.0,1136.0,2081.0,995.0,3.0481,INLAND
-118.31,33.75,34.0,2338.0,393.0,1031.0,373.0,6.287,NEAR OCEAN
-117.73,35.73,35.0,2916.0,594.0,1870.0,432.0,3.625,INLAND
-122.26,37.84,42.0,2555.0,665.0,1206.0,595.0,2.0804,NEAR BAY
-121.92,37.24,26.0,6777.0,1051.0,3319.0,1061.0,6.3663,<1H OCEAN
-121.27,38.11,15.0,2039.0,384.0,1178.0,375.0,3.8672,INLAND
-117.21,33.93,4.0,10002.0,1468.0,5439.0,1397.0,5.0223,INLAND
-117.68,33.6,24.0,1956.0,262.0,969.0,256.0,6.8154,<1H OCEAN
-117.27,33.06,7.0,3686.0,733.0,1612.0,672.0,3.197,NEAR OCEAN
-122.26,37.55,17.0,4576.0,814.0,1941.0,807.0,5.9572,NEAR BAY
-122.49,37.89,23.0,1650.0,403.0,541.0,336.0,6.0238,NEAR BAY
-117.97,34.07,22.0,1438.0,364.0,1325.0,335.0,2.7802,<1H OCEAN
-121.85,37.36,15.0,3148.0,1116.0,3556.0,1037.0,3.0466,<1H OCEAN
-118.3,34.19,52.0,1704.0,277.0,746.0,262.0,4.7986,<1H OCEAN
-117.9,33.72,36.0,443.0,117.0,577.0,115.0,3.6875,<1H OCEAN
-117.88,33.83,22.0,3522.0,543.0,1706.0,524.0,6.4685,<1H OCEAN
-122.5,37.88,28.0,5448.0,1089.0,2100.0,1023.0,4.7475,NEAR BAY
-122.26,37.84,50.0,2239.0,455.0,990.0,419.0,1.9911,NEAR BAY
-122.27,37.81,10.0,875.0,348.0,546.0,330.0,0.76,NEAR BAY
-118.5,34.15,33.0,3104.0,387.0,1111.0,376.0,13.4196,<1H OCEAN
-117.37,33.19,18.0,975.0,382.0,650.0,286.0,1.9562,NEAR OCEAN
-122.76,38.35,30.0,2260.0,374.0,958.0,359.0,5.0323,<1H OCEAN
-118.38,34.04,35.0,2237.0,592.0,1794.0,543.0,2.2961,<1H OCEAN
-121.86,37.38,15.0,2052.0,405.0,1380.0,409.0,5.8686,<1H OCEAN
-117.93,33.88,52.0,2157.0,362.0,1001.0,373.0,5.1237,<1H OCEAN
-117.98,34.05,35.0,2342.0,426.0,2176.0,416.0,3.7454,<1H OCEAN
-122.29,37.81,46.0,2801.0,644.0,1823.0,611.0,0.9802,NEAR BAY
-122.08,37.61,26.0,2261.0,443.0,1039.0,395.0,3.7931,NEAR BAY
-121.67,38.54,13.0,6141.0,1019.0,2553.0,967.0,4.2432,INLAND
-118.39,34.09,28.0,2347.0,608.0,785.0,548.0,4.4167,<1H OCEAN
-122.3,37.81,52.0,1010.0,209.0,604.0,187.0,1.1667,NEAR BAY
-122.26,37.85,52.0,2643.0,626.0,1212.0,620.0,1.9167,NEAR BAY
-118.23,33.89,35.0,1255.0,344.0,1782.0,343.0,2.1949,<1H OCEAN
-122.07,37.86,23.0,1025.0,205.0,263.0,191.0,3.12,NEAR BAY
-120.98,37.68,27.0,4006.0,762.0,1806.0,718.0,3.1848,INLAND
-119.57,36.44,30.0,1860.0,337.0,1123.0,347.0,3.4926,INLAND
-118.08,34.11,42.0,1969.0,353.0,927.0,354.0,5.5924,<1H OCEAN
-122.48,37.78,44.0,3371.0,794.0,1738.0,753.0,3.1653,NEAR BAY
-117.89,33.71,24.0,4365.0,804.0,2663.0,753.0,4.5814,<1H OCEAN
-121.87,37.29,18.0,1892.0,568.0,974.0,553.0,2.3715,<1H OCEAN
-119.05,36.06,23.0,2344.0,407.0,1184.0,406.0,3.1625,INLAND
-122.08,37.72,31.0,3866.0,531.0,1368.0,521.0,6.187,NEAR BAY
-122.08,37.66,33.0,1547.0,372.0,1063.0,356.0,2.5625,NEAR BAY
-121.98,37.53,28.0,2829.0,566.0,1610.0,540.0,4.6,<1H OCEAN
-118.53,34.2,33.0,3270.0,818.0,2118.0,763.0,3.225,<1H OCEAN
-122.1,37.69,44.0,2341.0,500.0,1256.0,485.0,2.9507,NEAR BAY
-117.88,34.14,32.0,1764.0,365.0,924.0,329.0,3.875,INLAND
-121.98,36.99,14.0,6787.0,1454.0,3416.0,1357.0,3.5943,NEAR OCEAN
-121.2,37.83,18.0,3415.0,580.0,1912.0,562.0,4.4423,INLAND
-117.93,33.74,5.0,639.0,197.0,666.0,197.0,3.3017,<1H OCEAN
-118.32,33.89,45.0,1928.0,453.0,1323.0,458.0,4.2813,<1H OCEAN
-122.27,37.84,52.0,2224.0,437.0,1006.0,422.0,2.6,NEAR BAY
-118.19,34.04,40.0,1279.0,316.0,1438.0,329.0,2.1774,<1H OCEAN
-118.29,34.25,19.0,1988.0,594.0,1399.0,527.0,2.4727,<1H OCEAN
-117.47,33.98,8.0,12106.0,1913.0,5810.0,1717.0,4.9886,INLAND
-120.48,37.34,8.0,6146.0,1017.0,2821.0,987.0,4.67,INLAND
-122.27,37.81,52.0,210.0,56.0,183.0,56.0,1.1667,NEAR BAY
-121.3,38.72,15.0,2514.0,482.0,1166.0,503.0,2.2813,INLAND
-118.46,34.05,21.0,3639.0,1002.0,1489.0,983.0,4.6197,<1H OCEAN
-121.2,38.67,26.0,1546.0,287.0,773.0,299.0,2.9803,INLAND
-118.38,34.18,27.0,4834.0,1527.0,3847.0,1432.0,2.1449,<1H OCEAN
-121.9,38.0,14.0,1930.0,363.0,990.0,322.0,4.1094,INLAND
-122.47,37.76,52.0,2465.0,489.0,1170.0,498.0,4.0793,NEAR BAY
-122.02,37.31,35.0,2355.0,384.0,1248.0,378.0,5.9714,<1H OCEAN
-118.13,33.79,29.0,2937.0,524.0,1132.0,528.0,4.6133,NEAR OCEAN
-122.28,37.81,17.0,924.0,289.0,609.0,289.0,1.5,NEAR BAY
-122.44,37.73,52.0,2381.0,492.0,1485.0,447.0,4.3898,NEAR BAY
-122.24,37.8,52.0,888.0,168.0,360.0,175.0,2.1944,NEAR BAY
-117.9,33.88,28.0,2696.0,346.0,947.0,356.0,9.0055,<1H OCEAN
-119.12,35.85,37.0,736.0,166.0,564.0,138.0,2.4167,INLAND
-117.15,32.8,23.0,2395.0,476.0,2284.0,488.0,3.7292,NEAR OCEAN
-121.34,38.66,16.0,3154.0,860.0,1837.0,793.0,1.9805,INLAND
-118.13,33.81,37.0,1013.0,199.0,493.0,183.0,4.7845,<1H OCEAN
-122.26,37.83,52.0,1656.0,420.0,718.0,382.0,2.6768,NEAR BAY
-117.27,33.04,27.0,1839.0,392.0,1302.0,404.0,3.55,NEAR OCEAN
-120.88,37.37,24.0,1294.0,222.0,684.0,221.0,2.6908,INLAND
-119.01,35.24,6.0,80.0,16.0,66.0,21.0,3.125,INLAND
-117.05,32.57,13.0,2880.0,576.0,2450.0,567.0,3.1696,NEAR OCEAN
-122.71,38.5,15.0,5645.0,830.0,2324.0,769.0,6.6104,<1H OCEAN
-120.04,36.96,23.0,2126.0,506.0,2091.0,491.0,1.3713,INLAND
-118.17,33.98,31.0,1236.0,329.0,1486.0,337.0,3.0938,<1H OCEAN
-121.76,36.92,20.0,2687.0,637.0,2154.0,610.0,2.6434,<1H OCEAN
-122.25,38.1,52.0,248.0,86.0,173.0,69.0,2.3,NEAR BAY
-120.98,37.65,40.0,422.0,63.0,158.0,63.0,7.3841,INLAND
-122.54,38.36,40.0,2725.0,531.0,1167.0,458.0,3.7969,<1H OCEAN
-118.19,33.79,43.0,1823.0,600.0,2339.0,560.0,1.6792,NEAR OCEAN
-122.28,37.89,52.0,2616.0,473.0,1085.0,487.0,4.125,NEAR BAY
-117.32,34.14,32.0,1691.0,353.0,1457.0,329.0,1.8438,INLAND
-119.44,36.59,28.0,1343.0,330.0,1331.0,305.0,1.516,INLAND
-117.31,33.25,13.0,3075.0,630.0,1843.0,674.0,2.8558,<1H OCEAN
-122.29,37.55,27.0,3789.0,874.0,2243.0,866.0,4.39,NEAR OCEAN
-117.72,34.03,17.0,2902.0,476.0,1652.0,479.0,5.6029,INLAND
-122.23,38.05,52.0,1736.0,358.0,638.0,297.0,2.5517,NEAR BAY
-121.93,36.63,28.0,3983.0,852.0,1582.0,778.0,3.5147,NEAR OCEAN
-122.26,37.85,52.0,2491.0,474.0,1098.0,468.0,3.075,NEAR BAY
-118.19,33.86,36.0,2013.0,546.0,1659.0,522.0,3.1215,<1H OCEAN
-121.7,36.48,19.0,2150.0,479.0,1052.0,428.0,3.5039,<1H OCEAN
-118.21,34.12,52.0,1590.0,360.0,1127.0,321.0,3.4625,<1H OCEAN
-121.85,36.59,42.0,891.0,203.0,525.0,212.0,3.3156,<1H OCEAN
-122.27,37.81,40.0,880.0,451.0,582.0,380.0,0.977,NEAR BAY
-118.24,33.96,37.0,1602.0,388.0,1553.0,342.0,2.0655,<1H OCEAN
-118.2,33.81,46.0,1388.0,254.0,742.0,241.0,4.6458,NEAR OCEAN
-121.84,37.34,27.0,2512.0,526.0,3033.0,526.0,4.25,<1H OCEAN
-121.32,35.95,31.0,372.0,68.0,479.0,67.0,3.5547,NEAR OCEAN
-121.74,39.15,20.0,2302.0,412.0,1205.0,399.0,2.8,INLAND
-118.21,34.04,47.0,1325.0,393.0,1557.0,352.0,2.8,<1H OCEAN
-119.57,36.71,10.0,1657.0,359.0,958.0,380.0,2.6458,INLAND
-122.27,37.85,40.0,751.0,184.0,409.0,166.0,1.3578,NEAR BAY
-122.18,37.45,43.0,2061.0,437.0,817.0,385.0,4.4688,NEAR BAY
-117.69,33.47,23.0,3499.0,722.0,1480.0,634.0,3.86,<1H OCEAN
-117.19,32.82,34.0,3850.0,608.0,1619.0,602.0,5.0465,NEAR OCEAN
-122.15,37.74,41.0,856.0,178.0,571.0,191.0,3.1458,NEAR BAY
-117.88,33.84,31.0,3301.0,712.0,1532.0,682.0,3.7303,<1H OCEAN
-118.36,33.88,28.0,1313.0,319.0,827.0,308.0,2.65,<1H OCEAN
-118.32,34.09,34.0,1478.0,675.0,1976.0,653.0,2.0557,<1H OCEAN
-123.03,38.79,16.0,4047.0,769.0,1998.0,673.0,3.375,<1H OCEAN
-122.3,41.32,13.0,2300.0,513.0,1151.0,488.0,2.1571,INLAND
-121.04,37.68,28.0,1909.0,398.0,1140.0,380.0,2.3783,INLAND
-118.01,34.16,47.0,1745.0,270.0,753.0,275.0,5.532,INLAND
-120.58,35.0,37.0,523.0,119.0,374.0,95.0,1.4726,<1H OCEAN
-117.04,32.8,11.0,1802.0,440.0,630.0,428.0,2.0337,<1H OCEAN
-122.26,38.13,28.0,3072.0,790.0,1375.0,705.0,1.6368,NEAR BAY
-120.24,37.21,31.0,2447.0,465.0,1313.0,352.0,3.3929,INLAND
-121.82,37.31,15.0,1504.0,294.0,1267.0,291.0,5.5145,<1H OCEAN
-117.93,33.85,25.0,1026.0,288.0,1646.0,283.0,4.2019,<1H OCEAN
-117.95,35.13,4.0,2630.0,502.0,1150.0,422.0,4.25,INLAND
-121.44,38.54,47.0,2518.0,501.0,1308.0,471.0,2.5389,INLAND
-118.37,34.22,11.0,2127.0,581.0,1989.0,530.0,2.9028,<1H OCEAN
-122.19,37.76,52.0,2024.0,391.0,1030.0,350.0,2.4659,NEAR BAY
-121.31,38.97,16.0,1210.0,228.0,726.0,222.0,2.7083,INLAND
-121.89,37.31,47.0,2986.0,627.0,1399.0,613.0,3.7455,<1H OCEAN
-117.13,32.73,43.0,2706.0,667.0,1531.0,614.0,2.1513,NEAR OCEAN
-122.26,37.84,52.0,950.0,202.0,467.0,198.0,3.9643,NEAR BAY
-122.3,37.81,52.0,1224.0,237.0,521.0,159.0,1.191,NEAR BAY
-117.15,34.06,25.0,3670.0,644.0,1815.0,634.0,4.0658,INLAND
-117.3,34.53,38.0,1643.0,489.0,1196.0,406.0,1.2275,INLAND
-118.3,34.05,46.0,1386.0,457.0,1845.0,485.0,2.1414,<1H OCEAN
-122.28,37.81,52.0,386.0,164.0,346.0,155.0,0.8075,NEAR BAY
-118.13,34.08,40.0,1931.0,449.0,1367.0,446.0,2.575,<1H OCEAN
-121.76,37.67,6.0,3023.0,518.0,1225.0,468.0,6.3705,INLAND
-122.26,37.83,52.0,1665.0,419.0,946.0,395.0,2.0978,NEAR BAY
-117.25,33.22,19.0,2167.0,443.0,1654.0,435.0,3.5,<1H OCEAN
-117.18,32.84,30.0,2290.0,523.0,1272.0,472.0,3.5606,NEAR OCEAN
-121.86,39.75,18.0,1651.0,309.0,856.0,293.0,3.5046,INLAND
-122.6,38.0,21.0,2198.0,462.0,1100.0,449.0,4.1098,<1H OCEAN
-122.09,37.39,30.0,1722.0,490.0,1057.0,517.0,3.725,NEAR BAY
-120.69,35.25,15.0,4210.0,899.0,1933.0,867.0,2.794,NEAR OCEAN
-117.05,32.57,22.0,2857.0,516.0,2412.0,496.0,4.7337,NEAR OCEAN
-122.3,37.81,52.0,572.0,109.0,274.0,82.0,1.8516,NEAR BAY
-117.09,32.63,27.0,2920.0,770.0,1935.0,746.0,2.4148,NEAR OCEAN
-122.25,37.8,52.0,2087.0,510.0,1197.0,488.0,3.0149,NEAR BAY
-117.29,33.2,16.0,2150.0,461.0,1428.0,407.0,2.4754,NEAR OCEAN
-121.87,37.42,19.0,12128.0,2112.0,6810.0,2040.0,6.4419,<1H OCEAN
-118.19,34.87,2.0,2103.0,389.0,923.0,338.0,5.0553,INLAND
-118.43,34.22,34.0,1588.0,360.0,1080.0,340.0,3.66,<1H OCEAN
-117.07,32.67,28.0,2758.0,623.0,2179.0,631.0,2.3814,NEAR OCEAN
-122.27,37.83,48.0,1798.0,432.0,987.0,374.0,1.0972,NEAR BAY
-117.9,34.13,32.0,1640.0,391.0,1312.0,358.0,2.6292,<1H OCEAN
-118.5,34.03,32.0,6365.0,1784.0,2767.0,1698.0,3.6451,<1H OCEAN
-118.08,33.92,38.0,1335.0,,1011.0,269.0,3.6908,<1H OCEAN
-122.3,37.81,48.0,1455.0,354.0,788.0,332.0,0.8056,NEAR BAY
-121.98,38.37,21.0,3027.0,675.0,2018.0,642.0,2.8438,INLAND
-118.12,33.86,34.0,2116.0,427.0,972.0,396.0,4.8516,<1H OCEAN
-122.12,37.64,40.0,432.0,102.0,264.0,77.0,3.8875,NEAR BAY
-117.3,32.85,28.0,2334.0,694.0,770.0,552.0,3.1324,NEAR OCEAN
-118.25,33.95,48.0,1766.0,424.0,1655.0,420.0,0.9751,<1H OCEAN
-121.87,37.67,10.0,4337.0,800.0,1813.0,743.0,5.5,INLAND
-122.02,37.34,30.0,1036.0,151.0,467.0,156.0,6.448,<1H OCEAN
-116.91,32.82,14.0,1978.0,424.0,1085.0,387.0,3.8073,<1H OCEAN
-117.36,33.99,42.0,1178.0,261.0,804.0,283.0,2.9688,INLAND
-117.92,33.73,17.0,1692.0,293.0,934.0,280.0,4.4728,<1H OCEAN
-118.37,34.06,52.0,2402.0,506.0,878.0,464.0,4.0217,<1H OCEAN
-117.09,32.8,15.0,666.0,152.0,247.0,164.0,2.15,NEAR OCEAN
-117.88,33.75,34.0,3004.0,673.0,5477.0,640.0,2.8342,<1H OCEAN
-118.28,34.02,52.0,281.0,103.0,470.0,96.0,1.9375,<1H OCEAN
-122.09,37.67,39.0,2069.0,500.0,1408.0,478.0,3.1115,NEAR BAY
-116.77,33.92,19.0,2307.0,525.0,1266.0,437.0,1.6875,INLAND
-117.27,34.49,7.0,2344.0,351.0,846.0,314.0,4.7361,INLAND
-122.5,37.74,44.0,2082.0,470.0,1154.0,403.0,4.3611,NEAR OCEAN
-122.45,37.78,52.0,2686.0,606.0,1392.0,578.0,4.0,NEAR BAY
-117.69,35.65,5.0,1131.0,276.0,520.0,232.0,4.0167,INLAND
-119.34,36.3,13.0,2394.0,458.0,1177.0,389.0,2.6875,INLAND
-122.27,37.53,43.0,1145.0,230.0,586.0,254.0,3.5,NEAR OCEAN
-122.0,38.35,24.0,745.0,116.0,300.0,115.0,3.6176,INLAND
-118.39,33.71,18.0,1193.0,233.0,475.0,228.0,7.5594,NEAR OCEAN
-118.37,34.18,33.0,1829.0,512.0,1345.0,500.0,3.1629,<1H OCEAN
-118.37,33.88,21.0,966.0,172.0,417.0,158.0,5.5335,<1H OCEAN
-120.8,35.33,20.0,2200.0,393.0,996.0,365.0,3.587,NEAR OCEAN
-118.36,34.15,34.0,3659.0,921.0,1338.0,835.0,3.6202,<1H OCEAN
-121.26,37.93,33.0,2109.0,531.0,2248.0,588.0,1.4583,INLAND
-122.7,39.0,18.0,793.0,148.0,186.0,59.0,2.3125,INLAND
-115.56,32.79,20.0,2372.0,835.0,2283.0,767.0,1.1707,INLAND
-118.15,34.19,48.0,1854.0,360.0,1126.0,382.0,3.2216,<1H OCEAN
-117.88,33.76,37.0,2988.0,677.0,2354.0,666.0,3.4345,<1H OCEAN
-117.18,32.82,25.0,1756.0,301.0,722.0,312.0,4.5625,NEAR OCEAN
-117.95,33.67,25.0,1799.0,233.0,810.0,265.0,8.289,<1H OCEAN
-122.31,37.94,38.0,1794.0,349.0,810.0,335.0,3.8343,NEAR BAY
-118.44,33.88,35.0,2020.0,451.0,724.0,399.0,6.6494,NEAR OCEAN
-118.17,34.03,31.0,1014.0,252.0,1064.0,247.0,2.4167,<1H OCEAN
-118.32,34.04,39.0,2965.0,812.0,2638.0,794.0,2.532,<1H OCEAN
-117.13,32.72,32.0,2197.0,623.0,1784.0,599.0,1.901,NEAR OCEAN
-121.99,36.98,25.0,2113.0,422.0,1365.0,439.0,4.6484,NEAR OCEAN
-118.48,34.04,47.0,1956.0,277.0,724.0,277.0,8.9616,<1H OCEAN
-122.73,38.26,35.0,3941.0,645.0,1668.0,620.0,4.385,<1H OCEAN
-120.85,37.49,39.0,2840.0,733.0,2606.0,737.0,1.9429,INLAND
-118.34,34.09,5.0,2665.0,954.0,1733.0,766.0,2.3568,<1H OCEAN
-117.8,34.1,17.0,5153.0,1164.0,2949.0,1083.0,3.5603,INLAND
-122.39,37.79,52.0,94.0,24.0,113.0,27.0,4.6563,NEAR BAY
-120.71,37.39,11.0,1479.0,341.0,1476.0,327.0,3.2721,INLAND
-117.87,33.89,17.0,1441.0,530.0,769.0,456.0,2.425,<1H OCEAN
-121.3,39.0,16.0,3155.0,541.0,1630.0,540.0,4.0282,INLAND
-122.07,37.66,28.0,2280.0,610.0,1255.0,587.0,2.6719,NEAR BAY
-121.5,38.56,46.0,2646.0,645.0,1684.0,616.0,1.128,INLAND
-122.49,37.76,52.0,2245.0,425.0,1091.0,409.0,3.5909,NEAR BAY
-120.79,38.43,40.0,1391.0,246.0,546.0,214.0,3.9107,INLAND
-122.19,37.48,35.0,7067.0,1646.0,5380.0,1597.0,4.1776,NEAR BAY
-122.26,38.15,26.0,3699.0,671.0,2388.0,699.0,4.0515,NEAR BAY
-117.1,32.76,31.0,987.0,267.0,619.0,250.0,2.9286,NEAR OCEAN
-118.48,34.47,36.0,84.0,12.0,29.0,17.0,3.375,<1H OCEAN
-117.91,33.75,8.0,2346.0,679.0,3842.0,674.0,3.0635,<1H OCEAN
-121.89,37.31,52.0,1994.0,404.0,1014.0,389.0,4.3882,<1H OCEAN
-118.13,33.95,37.0,1709.0,333.0,778.0,344.0,3.9036,<1H OCEAN
-122.33,37.57,27.0,3085.0,876.0,1453.0,896.0,3.4333,NEAR OCEAN
-117.65,33.48,10.0,3484.0,582.0,1469.0,556.0,5.4188,<1H OCEAN
-120.97,37.69,15.0,4065.0,841.0,1986.0,680.0,3.072,INLAND
-120.03,38.89,15.0,3042.0,588.0,918.0,336.0,3.8333,INLAND
-122.27,37.83,51.0,2665.0,574.0,1258.0,536.0,2.7303,NEAR BAY
-122.64,41.63,19.0,2722.0,479.0,1108.0,430.0,3.1062,INLAND
-117.75,34.1,21.0,8069.0,2174.0,4369.0,2036.0,3.2756,INLAND
-119.94,37.04,14.0,1636.0,253.0,766.0,225.0,3.125,INLAND
-122.27,37.84,52.0,1688.0,337.0,853.0,325.0,2.1806,NEAR BAY
-122.15,37.74,52.0,2898.0,557.0,1338.0,550.0,3.851,NEAR BAY
-120.45,34.64,27.0,2696.0,622.0,1322.0,543.0,3.0352,NEAR OCEAN
-122.01,37.58,17.0,4313.0,717.0,2629.0,721.0,5.7579,NEAR BAY
-118.16,34.06,27.0,1675.0,274.0,785.0,275.0,5.828,<1H OCEAN
-118.33,34.19,45.0,1505.0,347.0,799.0,319.0,3.138,<1H OCEAN
-117.11,32.76,28.0,1457.0,397.0,672.0,342.0,1.9799,NEAR OCEAN
-119.64,36.33,41.0,3095.0,766.0,1852.0,721.0,1.4524,INLAND
-122.4,37.8,52.0,1860.0,575.0,679.0,448.0,4.775,NEAR BAY
-118.21,33.92,37.0,1705.0,403.0,1839.0,410.0,2.5833,<1H OCEAN
-118.43,34.18,31.0,2417.0,510.0,1102.0,507.0,3.8906,<1H OCEAN
-117.77,33.51,29.0,3590.0,772.0,1070.0,603.0,4.4464,<1H OCEAN
-118.16,33.85,36.0,2668.0,473.0,1315.0,478.0,4.0714,<1H OCEAN
-118.1,33.96,40.0,1743.0,328.0,981.0,291.0,3.6667,<1H OCEAN
-119.18,34.28,17.0,4526.0,717.0,2088.0,655.0,5.6885,NEAR OCEAN
-122.22,37.78,44.0,2968.0,710.0,2269.0,610.0,2.3906,NEAR BAY
-118.1,34.08,37.0,2894.0,659.0,1977.0,636.0,2.543,<1H OCEAN
-118.13,34.02,36.0,984.0,275.0,1024.0,284.0,2.125,<1H OCEAN
-119.56,36.51,37.0,1018.0,213.0,663.0,204.0,1.6635,INLAND
-117.77,33.71,13.0,1939.0,247.0,928.0,244.0,8.1111,<1H OCEAN
-118.0,33.76,12.0,1250.0,331.0,1047.0,334.0,3.0625,<1H OCEAN
-121.65,37.11,14.0,6006.0,914.0,2915.0,898.0,5.9356,<1H OCEAN
-119.65,37.09,17.0,1280.0,254.0,707.0,267.0,3.55,INLAND
-122.39,37.6,44.0,2304.0,384.0,986.0,379.0,4.652,NEAR OCEAN
-117.03,32.67,15.0,5094.0,818.0,2118.0,758.0,5.3505,NEAR OCEAN
-121.32,38.03,25.0,2474.0,513.0,1947.0,524.0,2.5742,INLAND
-121.91,37.23,22.0,2614.0,453.0,1240.0,462.0,6.0712,<1H OCEAN
-117.18,34.05,29.0,3436.0,731.0,1323.0,676.0,2.4943,INLAND
-118.2,34.11,52.0,1901.0,525.0,1856.0,480.0,3.0,<1H OCEAN
-118.18,34.04,36.0,1807.0,630.0,2118.0,669.0,1.55,<1H OCEAN
-121.98,37.54,17.0,5133.0,1375.0,3386.0,1339.0,3.1326,<1H OCEAN
-117.98,33.81,28.0,3528.0,816.0,2304.0,764.0,2.582,<1H OCEAN
-119.19,34.15,31.0,4175.0,1004.0,3310.0,954.0,3.1989,NEAR OCEAN
-116.96,33.52,9.0,2802.0,471.0,1155.0,421.0,4.125,INLAND
-117.05,33.13,17.0,2385.0,372.0,1118.0,369.0,4.2813,<1H OCEAN
-121.9,36.6,45.0,2249.0,412.0,944.0,429.0,3.0625,NEAR OCEAN
-117.12,34.21,19.0,4641.0,994.0,1334.0,474.0,4.5972,INLAND
-117.94,33.66,16.0,2095.0,450.0,963.0,411.0,5.5,<1H OCEAN
-116.98,33.26,12.0,5898.0,1002.0,3129.0,945.0,4.7647,<1H OCEAN
-122.01,36.91,19.0,691.0,191.0,324.0,167.0,3.1312,NEAR OCEAN
-118.29,33.73,30.0,2835.0,711.0,1669.0,652.0,3.3616,NEAR OCEAN
-118.05,33.85,25.0,2856.0,388.0,1212.0,362.0,6.1737,<1H OCEAN
-119.31,36.3,20.0,1256.0,209.0,566.0,195.0,4.0221,INLAND
-120.2,37.84,9.0,13670.0,2453.0,2811.0,1193.0,3.2589,INLAND
-122.04,38.24,30.0,2081.0,456.0,1005.0,438.0,1.9954,INLAND
-118.25,33.95,41.0,1576.0,339.0,1252.0,302.0,1.9798,<1H OCEAN
-117.09,32.76,10.0,1922.0,577.0,1595.0,545.0,1.5208,NEAR OCEAN
-118.16,34.09,50.0,1568.0,302.0,1093.0,333.0,3.1442,<1H OCEAN
-121.52,38.53,31.0,3089.0,585.0,1366.0,561.0,4.2885,INLAND
-121.45,38.37,32.0,1441.0,261.0,629.0,249.0,4.4519,INLAND
-118.31,33.88,21.0,1490.0,430.0,686.0,400.0,2.3812,<1H OCEAN
-122.79,38.5,18.0,4839.0,918.0,2755.0,841.0,3.75,<1H OCEAN
-122.07,37.72,26.0,3204.0,477.0,1411.0,484.0,5.4834,NEAR BAY
-121.91,37.69,18.0,2876.0,423.0,1395.0,427.0,6.3132,<1H OCEAN
-122.26,37.83,51.0,936.0,311.0,517.0,249.0,1.2852,NEAR BAY
-122.27,37.79,27.0,1055.0,347.0,718.0,302.0,2.6354,NEAR BAY
-122.27,37.85,52.0,1228.0,293.0,648.0,303.0,2.1202,NEAR BAY
-122.69,38.51,18.0,3364.0,501.0,1442.0,506.0,6.6854,<1H OCEAN
-117.98,33.7,17.0,1989.0,411.0,1401.0,453.0,4.1603,<1H OCEAN
-118.21,34.08,26.0,2574.0,807.0,3163.0,802.0,1.9495,<1H OCEAN
-122.17,37.71,38.0,890.0,200.0,481.0,198.0,3.244,NEAR BAY
-122.15,37.44,52.0,2063.0,320.0,774.0,309.0,7.2543,NEAR BAY
-118.15,34.05,31.0,3362.0,799.0,1939.0,754.0,3.5089,<1H OCEAN
-121.96,38.33,3.0,7985.0,1257.0,3664.0,1215.0,4.976,INLAND
-116.58,32.69,19.0,4085.0,876.0,2133.0,718.0,2.919,INLAND
-121.2,37.97,39.0,440.0,83.0,270.0,97.0,6.0582,INLAND
-117.61,34.34,18.0,5210.0,912.0,1301.0,464.0,4.8623,INLAND
-120.43,34.95,43.0,2020.0,344.0,692.0,310.0,3.6815,<1H OCEAN
-121.38,38.47,4.0,14418.0,2282.0,6578.0,2140.0,4.5604,INLAND
-120.48,34.7,26.0,3069.0,518.0,1524.0,539.0,4.3162,NEAR OCEAN
-122.24,37.85,52.0,1467.0,190.0,496.0,177.0,7.2574,NEAR BAY
-117.9,34.1,35.0,2739.0,475.0,1481.0,483.0,4.5655,<1H OCEAN
-120.86,37.69,5.0,6660.0,1217.0,3012.0,1087.0,3.0809,INLAND
-116.5,33.81,26.0,5032.0,1229.0,3086.0,1183.0,2.5399,INLAND
-118.29,33.92,23.0,2503.0,532.0,1735.0,505.0,2.7368,<1H OCEAN
-121.92,37.72,22.0,4638.0,716.0,2302.0,687.0,5.347,<1H OCEAN
-118.39,33.89,40.0,826.0,143.0,389.0,147.0,7.1845,<1H OCEAN
-118.17,34.03,41.0,2099.0,530.0,2325.0,528.0,2.1979,<1H OCEAN
-122.27,37.8,52.0,249.0,78.0,396.0,85.0,1.2434,NEAR BAY
-119.04,36.07,17.0,2623.0,659.0,1912.0,618.0,1.5893,INLAND
-117.74,34.08,35.0,1613.0,298.0,911.0,293.0,3.4398,INLAND
-122.02,37.31,34.0,2629.0,433.0,1301.0,431.0,6.083,<1H OCEAN
-115.55,32.79,22.0,565.0,162.0,692.0,141.0,1.2083,INLAND
-121.04,39.08,8.0,2870.0,526.0,1307.0,451.0,3.463,INLAND
-122.05,37.57,7.0,10648.0,1818.0,6075.0,1797.0,6.1047,NEAR BAY
-118.13,33.94,34.0,522.0,138.0,373.0,139.0,3.5481,<1H OCEAN
-118.43,34.11,27.0,10806.0,1440.0,3511.0,1352.0,12.7296,<1H OCEAN
-119.83,36.79,35.0,1872.0,363.0,1054.0,369.0,3.3272,INLAND
-119.84,36.81,18.0,2789.0,378.0,937.0,364.0,7.7062,INLAND
-118.39,34.16,20.0,4084.0,1062.0,1637.0,987.0,3.2388,<1H OCEAN
-119.67,37.27,13.0,5087.0,981.0,2284.0,913.0,2.7413,INLAND
-121.91,37.28,29.0,5650.0,817.0,2098.0,813.0,6.4285,<1H OCEAN
-121.25,38.07,28.0,2103.0,422.0,1167.0,391.0,3.0592,INLAND
-121.9,37.3,52.0,1456.0,269.0,582.0,277.0,5.036,<1H OCEAN
-117.21,33.71,16.0,8476.0,1758.0,2711.0,1427.0,2.1848,<1H OCEAN
-117.18,33.16,15.0,5923.0,1206.0,3943.0,1006.0,3.1793,<1H OCEAN
-118.0,34.03,25.0,6909.0,1154.0,3912.0,1121.0,5.257,<1H OCEAN
-117.98,34.53,13.0,2815.0,535.0,1492.0,491.0,4.0945,INLAND
-118.41,34.07,52.0,3562.0,394.0,1163.0,361.0,15.0001,<1H OCEAN
-121.3,38.75,36.0,3903.0,885.0,2313.0,804.0,2.655,INLAND
-121.91,37.25,31.0,1944.0,343.0,975.0,334.0,4.9205,<1H OCEAN
-120.84,37.51,20.0,1901.0,313.0,1258.0,320.0,3.8958,INLAND
-118.11,34.16,52.0,2489.0,437.0,1101.0,438.0,4.2065,INLAND
-121.0,37.25,31.0,1923.0,341.0,806.0,349.0,3.1738,INLAND
-122.28,37.84,50.0,2082.0,492.0,1131.0,473.0,1.6424,NEAR BAY
-122.82,38.38,27.0,2565.0,479.0,1227.0,467.0,4.5132,<1H OCEAN
-122.22,37.86,21.0,7099.0,1106.0,2401.0,1138.0,8.3014,NEAR BAY
-117.36,34.0,19.0,4592.0,895.0,2769.0,838.0,3.3622,INLAND
-118.5,33.97,29.0,2737.0,808.0,1157.0,696.0,5.128,<1H OCEAN
-118.41,34.17,35.0,2027.0,428.0,879.0,402.0,4.692,<1H OCEAN
-117.1,32.75,11.0,2393.0,726.0,1905.0,711.0,1.3448,NEAR OCEAN
-121.88,37.33,45.0,1192.0,371.0,1084.0,345.0,2.8594,<1H OCEAN
-122.16,37.75,38.0,2457.0,624.0,1516.0,482.0,1.5625,NEAR BAY
-122.27,37.82,41.0,3221.0,853.0,1959.0,720.0,1.1108,NEAR BAY
-118.04,34.06,30.0,2019.0,551.0,2481.0,484.0,3.1875,<1H OCEAN
-119.1,35.79,19.0,1809.0,477.0,2051.0,416.0,1.8144,INLAND
-118.47,34.01,44.0,2175.0,475.0,1019.0,448.0,4.793,<1H OCEAN
-122.28,37.84,52.0,2153.0,481.0,1168.0,441.0,1.9615,NEAR BAY
-118.16,33.97,23.0,1516.0,457.0,1977.0,435.0,2.3068,<1H OCEAN
-118.11,33.91,29.0,889.0,166.0,597.0,163.0,4.9609,<1H OCEAN
-117.17,32.79,43.0,1269.0,297.0,946.0,285.0,2.1447,NEAR OCEAN
-122.33,37.39,52.0,573.0,102.0,232.0,92.0,6.2263,NEAR OCEAN
-122.27,37.54,15.0,2126.0,310.0,905.0,306.0,8.9083,NEAR BAY
-122.26,37.45,17.0,2742.0,441.0,986.0,421.0,5.9285,NEAR OCEAN
-117.92,33.63,24.0,1562.0,441.0,696.0,347.0,3.5161,<1H OCEAN
-122.06,37.77,12.0,14316.0,2045.0,5781.0,2007.0,7.2634,NEAR BAY
-117.96,33.81,34.0,1941.0,356.0,1021.0,339.0,4.4663,<1H OCEAN
-119.55,36.69,21.0,1551.0,423.0,1519.0,406.0,1.7132,INLAND
-120.4,34.86,11.0,1633.0,348.0,504.0,327.0,2.0508,<1H OCEAN
-122.26,37.83,52.0,2432.0,715.0,1377.0,696.0,2.5898,NEAR BAY
-121.15,40.25,14.0,5156.0,880.0,616.0,281.0,3.3462,INLAND
-117.9,33.76,26.0,2678.0,702.0,3262.0,685.0,3.6953,<1H OCEAN
-122.74,38.47,16.0,1426.0,287.0,525.0,260.0,3.0714,<1H OCEAN
-121.62,36.67,45.0,1827.0,408.0,1507.0,410.0,2.8942,<1H OCEAN
-117.96,33.76,24.0,1328.0,290.0,1012.0,306.0,4.2813,<1H OCEAN
-122.26,37.83,50.0,1125.0,322.0,616.0,304.0,2.026,NEAR BAY
-122.29,37.83,52.0,1121.0,211.0,554.0,187.0,3.3929,NEAR BAY
-121.96,37.3,23.0,4040.0,843.0,2181.0,843.0,4.0403,<1H OCEAN
-120.24,38.01,11.0,1214.0,228.0,633.0,199.0,3.125,INLAND
-121.17,37.88,22.0,1283.0,256.0,3082.0,239.0,3.5365,INLAND
-117.23,33.57,6.0,13724.0,2269.0,5860.0,1986.0,3.9617,<1H OCEAN
-117.11,32.95,11.0,4694.0,824.0,2223.0,783.0,4.9485,<1H OCEAN
-118.39,34.23,18.0,3405.0,831.0,3001.0,795.0,3.0083,<1H OCEAN
-120.25,37.93,13.0,493.0,76.0,196.0,68.0,3.375,INLAND
-121.36,38.04,4.0,2477.0,359.0,1234.0,377.0,5.5427,INLAND
-122.14,38.16,4.0,3273.0,495.0,1497.0,454.0,5.3345,NEAR BAY
-121.54,39.5,38.0,1438.0,310.0,779.0,275.0,1.3289,INLAND
-118.15,33.77,39.0,2428.0,634.0,1312.0,612.0,2.7212,NEAR OCEAN
-118.71,34.29,24.0,2983.0,406.0,1203.0,381.0,6.3236,<1H OCEAN
-118.45,34.31,9.0,1739.0,358.0,820.0,323.0,4.0556,<1H OCEAN
-122.56,37.94,36.0,2023.0,242.0,653.0,241.0,10.6272,NEAR BAY
-117.4,33.95,46.0,2189.0,423.0,866.0,389.0,3.1384,INLAND
-116.94,33.77,14.0,7240.0,1410.0,2708.0,1240.0,2.4145,INLAND
-122.28,37.84,49.0,1916.0,447.0,863.0,378.0,1.9274,NEAR BAY
-121.3,38.74,41.0,4374.0,1039.0,2387.0,959.0,2.3611,INLAND
-122.3,37.56,35.0,1873.0,351.0,945.0,333.0,5.5184,NEAR OCEAN
-122.09,37.6,36.0,385.0,94.0,295.0,92.0,2.9706,NEAR BAY
-118.34,34.06,52.0,1311.0,310.0,707.0,290.0,3.4812,<1H OCEAN
-119.25,34.26,30.0,2948.0,827.0,1635.0,750.0,2.67,NEAR OCEAN
-118.16,33.79,25.0,3742.0,1180.0,3916.0,1063.0,2.4,NEAR OCEAN
-122.06,37.88,34.0,4781.0,703.0,1879.0,714.0,6.5378,NEAR BAY
-122.45,40.85,20.0,2701.0,573.0,892.0,358.0,2.7736,INLAND
-122.07,37.38,26.0,1272.0,306.0,562.0,284.0,4.5644,NEAR BAY
-118.28,34.16,49.0,1393.0,290.0,605.0,282.0,2.9491,<1H OCEAN
-117.47,34.12,6.0,10565.0,1767.0,5690.0,1555.0,4.1797,INLAND
-122.45,37.74,46.0,6429.0,1093.0,2535.0,1109.0,5.0887,NEAR BAY
-121.79,37.32,6.0,2850.0,561.0,2160.0,581.0,5.5336,<1H OCEAN
-118.25,33.96,42.0,1326.0,295.0,918.0,258.0,2.3864,<1H OCEAN
-117.16,32.8,37.0,422.0,79.0,211.0,80.0,3.0625,NEAR OCEAN
-118.6,34.07,16.0,319.0,59.0,149.0,64.0,4.625,<1H OCEAN
-117.01,32.66,11.0,9992.0,1368.0,4495.0,1316.0,6.9664,NEAR OCEAN
-117.88,34.01,16.0,6756.0,1332.0,4429.0,1299.0,4.7589,<1H OCEAN
-118.32,34.07,52.0,2980.0,366.0,967.0,359.0,11.2185,<1H OCEAN
-118.01,33.96,36.0,1805.0,288.0,882.0,308.0,5.3054,<1H OCEAN
-122.26,37.85,52.0,2202.0,434.0,910.0,402.0,3.2031,NEAR BAY
-121.3,38.51,19.0,822.0,134.0,457.0,133.0,4.15,INLAND
-118.23,33.9,34.0,2462.0,553.0,2334.0,502.0,1.641,<1H OCEAN
-122.27,37.84,48.0,1922.0,409.0,1026.0,335.0,1.7969,NEAR BAY
-118.3,33.95,27.0,1774.0,444.0,1622.0,402.0,2.2031,<1H OCEAN
-122.91,39.03,14.0,2374.0,557.0,723.0,427.0,1.3532,INLAND
-122.54,37.98,52.0,1758.0,316.0,607.0,264.0,5.5083,NEAR BAY
-118.29,33.84,34.0,2617.0,558.0,1396.0,515.0,5.061,<1H OCEAN
-120.99,37.67,28.0,1768.0,423.0,1066.0,392.0,1.8315,INLAND
-117.26,34.11,33.0,1210.0,288.0,850.0,238.0,1.2171,INLAND
-118.25,33.93,42.0,819.0,233.0,899.0,228.0,1.1346,<1H OCEAN
-122.26,37.84,49.0,713.0,202.0,462.0,189.0,1.025,NEAR BAY
-122.04,37.39,5.0,8745.0,2211.0,3959.0,2019.0,4.7685,<1H OCEAN
-122.28,37.49,29.0,4148.0,635.0,1638.0,627.0,6.912,NEAR OCEAN
-117.84,34.0,26.0,797.0,117.0,383.0,114.0,6.8758,<1H OCEAN
-119.32,36.31,21.0,2309.0,424.0,1047.0,453.0,2.9886,INLAND
-117.82,33.88,18.0,1982.0,300.0,1027.0,324.0,7.0526,<1H OCEAN
-118.34,34.09,37.0,1442.0,501.0,998.0,503.0,2.4432,<1H OCEAN
-122.41,37.66,37.0,694.0,188.0,658.0,225.0,4.6103,NEAR OCEAN
-118.49,34.03,31.0,3155.0,808.0,1208.0,745.0,3.6769,<1H OCEAN
-122.28,37.83,52.0,1511.0,390.0,901.0,403.0,1.4103,NEAR BAY
-121.29,38.89,10.0,653.0,120.0,407.0,146.0,3.3889,INLAND
-121.25,37.94,30.0,1509.0,308.0,967.0,278.0,1.7798,INLAND
-117.11,32.69,34.0,1144.0,295.0,1271.0,302.0,2.09,NEAR OCEAN
-122.19,39.5,23.0,462.0,97.0,261.0,90.0,2.1705,INLAND
-122.45,38.27,25.0,5024.0,881.0,1994.0,838.0,4.2237,NEAR BAY
-118.45,34.04,23.0,3771.0,1321.0,2031.0,1241.0,2.7679,<1H OCEAN
-122.28,37.8,38.0,684.0,176.0,344.0,155.0,2.0114,NEAR BAY
-122.45,37.71,52.0,1658.0,322.0,1086.0,326.0,3.8583,NEAR OCEAN
-117.66,34.15,25.0,3430.0,485.0,1284.0,438.0,8.5282,INLAND
-120.35,37.86,25.0,287.0,57.0,118.0,50.0,2.3056,INLAND
-122.08,40.09,19.0,2611.0,503.0,1185.0,483.0,2.3657,INLAND
-118.26,33.96,39.0,1255.0,323.0,902.0,327.0,1.5812,<1H OCEAN
-118.37,34.02,44.0,1944.0,458.0,981.0,377.0,2.6154,<1H OCEAN
-121.96,39.3,39.0,701.0,130.0,271.0,89.0,2.1845,INLAND
-122.27,37.8,39.0,1715.0,623.0,1327.0,467.0,1.8477,NEAR BAY
-118.01,34.11,36.0,1722.0,320.0,794.0,322.0,4.2132,INLAND
-119.45,36.59,28.0,1274.0,215.0,572.0,202.0,3.825,INLAND
-118.0,33.77,28.0,2401.0,503.0,1155.0,456.0,3.5139,<1H OCEAN
-122.28,37.82,52.0,945.0,243.0,576.0,220.0,1.4113,NEAR BAY
-122.44,37.78,52.0,1118.0,279.0,514.0,284.0,2.4196,NEAR BAY
-124.16,40.79,52.0,2148.0,421.0,975.0,430.0,2.2566,NEAR OCEAN
-117.93,33.62,37.0,2204.0,428.0,807.0,410.0,7.0516,<1H OCEAN
-122.51,38.06,24.0,9493.0,1935.0,5162.0,1880.0,3.0742,NEAR BAY
-117.89,33.94,20.0,3349.0,685.0,1822.0,675.0,4.7216,<1H OCEAN
-121.03,40.35,52.0,5486.0,1044.0,1977.0,754.0,2.1833,INLAND
-122.24,37.76,52.0,2646.0,581.0,1128.0,522.0,3.0718,NEAR BAY
-121.61,37.06,21.0,5322.0,908.0,3011.0,895.0,5.5936,<1H OCEAN
-122.25,37.81,52.0,1758.0,460.0,686.0,422.0,3.1691,NEAR BAY
-117.71,34.07,24.0,1948.0,362.0,1286.0,364.0,3.6,INLAND
-117.97,33.66,14.0,6090.0,1338.0,1974.0,1248.0,2.8061,<1H OCEAN
-117.17,32.69,45.0,3168.0,598.0,1341.0,562.0,4.5189,NEAR OCEAN
-120.67,35.29,44.0,2236.0,411.0,1036.0,437.0,3.0833,NEAR OCEAN
-118.39,34.08,27.0,6605.0,1710.0,2665.0,1520.0,3.8088,<1H OCEAN
-120.45,34.96,26.0,1949.0,396.0,1575.0,377.0,2.875,<1H OCEAN
-122.27,37.82,43.0,1007.0,312.0,558.0,253.0,1.7348,NEAR BAY
-117.25,33.21,13.0,1203.0,292.0,1035.0,293.0,2.6339,<1H OCEAN
-122.26,37.83,52.0,1443.0,311.0,660.0,292.0,3.0125,NEAR BAY
-122.27,37.82,52.0,1630.0,456.0,1162.0,400.0,1.2475,NEAR BAY
-120.84,38.63,12.0,1313.0,231.0,731.0,232.0,5.7373,INLAND
-117.7,35.64,8.0,2683.0,416.0,1154.0,399.0,5.8625,INLAND
-120.62,35.28,28.0,3952.0,592.0,1469.0,571.0,6.3144,NEAR OCEAN
-121.9,37.66,18.0,7397.0,1137.0,3126.0,1115.0,6.4994,INLAND
-117.23,33.19,22.0,2554.0,447.0,1147.0,422.0,3.6346,<1H OCEAN
-117.95,34.07,37.0,1375.0,260.0,951.0,272.0,3.2083,<1H OCEAN
-120.66,35.13,41.0,2666.0,751.0,940.0,507.0,1.9653,<1H OCEAN
-122.28,37.85,41.0,535.0,123.0,317.0,119.0,2.4038,NEAR BAY
-122.13,37.44,42.0,2390.0,462.0,1146.0,468.0,6.3111,NEAR BAY
-116.97,32.8,15.0,3927.0,1018.0,2204.0,977.0,2.4367,<1H OCEAN
-117.05,33.13,20.0,7746.0,2035.0,5370.0,1838.0,2.3762,<1H OCEAN
-118.24,34.2,41.0,2067.0,452.0,1282.0,455.0,5.5756,<1H OCEAN
-121.98,37.36,34.0,1735.0,318.0,1019.0,301.0,4.5625,<1H OCEAN
-117.72,34.0,15.0,4363.0,690.0,2410.0,666.0,5.4824,INLAND
-118.02,34.13,34.0,1966.0,319.0,980.0,297.0,7.7307,INLAND
-118.38,33.86,15.0,1778.0,311.0,908.0,330.0,7.674,<1H OCEAN
-120.55,38.31,18.0,1411.0,312.0,592.0,230.0,1.625,INLAND
-122.28,37.8,52.0,96.0,31.0,191.0,34.0,0.75,NEAR BAY
-118.23,33.9,45.0,1285.0,238.0,840.0,211.0,3.4107,<1H OCEAN
-121.89,36.59,18.0,2700.0,937.0,1042.0,744.0,3.1364,NEAR OCEAN
-121.91,37.33,52.0,2562.0,410.0,973.0,398.0,4.8854,<1H OCEAN
-122.26,37.82,22.0,3682.0,1270.0,2024.0,1250.0,1.2185,NEAR BAY
-117.13,34.39,29.0,2251.0,464.0,855.0,315.0,3.4183,INLAND
-122.04,37.89,33.0,2423.0,322.0,998.0,346.0,7.5349,NEAR BAY
-122.3,37.81,48.0,828.0,182.0,392.0,133.0,2.5938,NEAR BAY
-119.73,36.83,14.0,3348.0,491.0,1584.0,493.0,5.0828,INLAND
-122.08,37.99,19.0,4657.0,739.0,1914.0,732.0,5.0509,NEAR BAY
-122.27,37.8,16.0,994.0,392.0,800.0,362.0,2.0938,NEAR BAY
-119.06,34.37,32.0,3885.0,759.0,2504.0,736.0,3.6453,<1H OCEAN
-118.27,34.04,13.0,1784.0,,2158.0,682.0,1.7038,<1H OCEAN
-121.24,38.79,15.0,2615.0,485.0,1063.0,428.0,3.7904,INLAND
-119.67,34.42,37.0,1673.0,444.0,1477.0,446.0,2.0643,<1H OCEAN
-121.42,38.64,44.0,1728.0,367.0,1042.0,349.0,1.6033,INLAND
-120.38,37.99,36.0,2864.0,603.0,1155.0,565.0,2.3571,INLAND
-121.82,38.01,42.0,1017.0,253.0,798.0,266.0,2.1719,INLAND
-118.3,33.82,26.0,2080.0,560.0,2096.0,506.0,2.8106,<1H OCEAN
-121.85,39.73,52.0,444.0,80.0,1107.0,98.0,3.4191,INLAND
-117.37,33.18,19.0,1931.0,509.0,855.0,394.0,2.6979,NEAR OCEAN
-119.05,34.36,22.0,1815.0,506.0,2428.0,473.0,2.8417,<1H OCEAN
-121.92,37.96,14.0,5332.0,884.0,2093.0,839.0,5.2798,INLAND
-121.83,37.37,43.0,1461.0,284.0,800.0,258.0,3.2279,<1H OCEAN
-119.77,36.77,29.0,2554.0,705.0,2669.0,655.0,1.2176,INLAND
-118.25,34.01,36.0,879.0,262.0,1034.0,236.0,1.2857,<1H OCEAN
-118.14,34.14,24.0,10239.0,2823.0,4210.0,2565.0,3.6997,<1H OCEAN
-120.04,36.93,11.0,3606.0,699.0,2074.0,644.0,2.6941,INLAND
-118.1,34.01,29.0,2077.0,564.0,2087.0,543.0,2.66,<1H OCEAN
-117.06,32.75,34.0,1917.0,419.0,1181.0,426.0,3.0208,NEAR OCEAN
-118.12,33.82,42.0,1493.0,277.0,671.0,267.0,3.2794,<1H OCEAN
-120.94,39.05,8.0,3758.0,717.0,1744.0,661.0,3.1972,INLAND
-117.6,33.45,4.0,2369.0,566.0,996.0,435.0,5.4031,NEAR OCEAN
-119.29,36.34,28.0,1440.0,431.0,2178.0,440.0,1.2634,INLAND
-118.07,34.13,27.0,3787.0,913.0,1992.0,853.0,3.301,INLAND
-118.23,34.21,29.0,2584.0,608.0,1217.0,568.0,3.3287,<1H OCEAN
-122.28,37.81,36.0,2914.0,562.0,1236.0,509.0,2.4464,NEAR BAY
-117.9,33.92,27.0,698.0,116.0,391.0,126.0,5.9177,<1H OCEAN
-117.93,33.78,36.0,2169.0,359.0,1018.0,370.0,4.3906,<1H OCEAN
-122.25,37.84,52.0,3104.0,687.0,1157.0,647.0,3.12,NEAR BAY
-118.45,34.04,19.0,3330.0,1010.0,1837.0,915.0,3.0173,<1H OCEAN
-122.24,37.83,41.0,2576.0,406.0,794.0,376.0,5.956,NEAR BAY
-122.26,37.83,52.0,1470.0,330.0,689.0,309.0,3.48,NEAR BAY
-119.69,36.81,15.0,2892.0,496.0,1634.0,501.0,4.4934,INLAND
-117.06,32.8,17.0,2247.0,340.0,973.0,318.0,5.5,<1H OCEAN
-121.88,37.3,16.0,2692.0,749.0,1674.0,681.0,2.6763,<1H OCEAN
-117.96,33.76,22.0,2520.0,556.0,2126.0,527.0,3.7734,<1H OCEAN
-119.16,36.31,7.0,2946.0,664.0,1608.0,622.0,1.6829,INLAND
-123.32,40.43,15.0,661.0,146.0,131.0,57.0,0.4999,INLAND
-122.41,37.62,49.0,1464.0,302.0,636.0,259.0,4.25,NEAR OCEAN
-122.3,38.32,20.0,2063.0,486.0,1045.0,460.0,2.5035,NEAR BAY
-117.92,34.59,7.0,681.0,125.0,485.0,104.0,2.7396,INLAND
-118.2,33.78,46.0,1889.0,651.0,1545.0,587.0,1.7064,NEAR OCEAN
-116.89,33.79,12.0,701.0,130.0,434.0,110.0,2.0577,INLAND
-120.59,38.76,21.0,1728.0,417.0,731.0,334.0,1.7266,INLAND
-118.11,33.91,19.0,3056.0,759.0,1561.0,740.0,3.1369,<1H OCEAN
-117.08,32.63,28.0,2080.0,427.0,1266.0,434.0,2.2788,NEAR OCEAN
-122.26,37.82,40.0,624.0,195.0,423.0,160.0,0.9506,NEAR BAY
-117.57,33.91,22.0,2620.0,396.0,1324.0,362.0,5.3735,INLAND
-116.39,33.69,10.0,11659.0,2007.0,2186.0,1083.0,6.9833,INLAND
-118.07,33.99,35.0,1625.0,302.0,1134.0,288.0,4.5595,<1H OCEAN
-117.76,34.11,22.0,4935.0,954.0,2874.0,938.0,3.9825,INLAND
-117.19,32.83,30.0,3225.0,555.0,1601.0,532.0,4.3317,NEAR OCEAN
-122.43,37.8,52.0,2994.0,821.0,1240.0,779.0,3.3715,NEAR BAY
-117.99,33.88,15.0,2298.0,567.0,1261.0,527.0,4.2422,<1H OCEAN
-122.49,37.67,29.0,3795.0,675.0,2494.0,696.0,5.2848,NEAR OCEAN
-117.31,32.83,38.0,2367.0,480.0,891.0,428.0,4.1477,NEAR OCEAN
-122.27,37.84,52.0,2436.0,541.0,1015.0,478.0,1.725,NEAR BAY
-121.26,38.73,14.0,3323.0,499.0,1527.0,540.0,5.3451,INLAND
-117.66,34.09,26.0,1151.0,200.0,593.0,188.0,3.6667,INLAND
-119.8,36.75,52.0,1788.0,449.0,1156.0,418.0,1.7298,INLAND
-121.88,37.44,14.0,2073.0,343.0,1107.0,330.0,6.7093,<1H OCEAN
-118.0,33.93,35.0,802.0,153.0,445.0,150.0,5.0077,<1H OCEAN
-116.94,32.8,28.0,3042.0,729.0,1964.0,703.0,2.4141,<1H OCEAN
-116.86,33.05,17.0,9044.0,1689.0,5030.0,1596.0,3.6348,<1H OCEAN
-122.31,37.56,40.0,1351.0,330.0,701.0,297.0,3.32,NEAR OCEAN
-119.12,36.69,13.0,3963.0,812.0,1905.0,671.0,2.2278,INLAND
-122.27,37.84,52.0,1503.0,298.0,690.0,275.0,2.6033,NEAR BAY
-118.09,33.98,37.0,1226.0,255.0,1068.0,271.0,3.1607,<1H OCEAN
-118.01,34.12,32.0,1937.0,332.0,922.0,340.0,3.94,INLAND
-118.56,34.18,39.0,1819.0,291.0,770.0,278.0,5.4088,<1H OCEAN
-118.16,34.03,41.0,1377.0,293.0,1142.0,272.0,3.1724,<1H OCEAN
-117.74,34.04,27.0,2215.0,440.0,1987.0,449.0,3.0429,INLAND
-122.28,37.81,19.0,1207.0,243.0,721.0,207.0,1.1111,NEAR BAY
-121.39,39.61,22.0,2828.0,610.0,986.0,391.0,2.8871,INLAND
-117.2,34.04,24.0,1587.0,222.0,676.0,234.0,6.0715,INLAND
-117.67,34.12,15.0,3162.0,495.0,1145.0,473.0,5.3525,INLAND
-118.62,34.2,32.0,3233.0,553.0,1678.0,545.0,5.0025,<1H OCEAN
-118.48,34.04,49.0,3780.0,741.0,1435.0,690.0,4.3158,<1H OCEAN
-121.86,37.23,24.0,4337.0,670.0,1936.0,652.0,5.8904,<1H OCEAN
-118.22,34.13,52.0,791.0,174.0,501.0,162.0,3.3542,<1H OCEAN
-122.72,38.42,30.0,2099.0,406.0,1156.0,401.0,2.8036,<1H OCEAN
-117.58,33.6,5.0,5348.0,659.0,1862.0,555.0,11.0567,<1H OCEAN
-121.83,38.45,32.0,2139.0,440.0,1154.0,411.0,3.2672,INLAND
-117.06,32.55,5.0,3223.0,940.0,3284.0,854.0,1.4384,NEAR OCEAN
-118.28,33.99,37.0,1971.0,513.0,1673.0,464.0,1.4625,<1H OCEAN
-120.75,37.44,27.0,2295.0,424.0,1252.0,350.0,3.6182,INLAND
-117.17,32.83,24.0,3541.0,530.0,1591.0,530.0,5.3538,NEAR OCEAN
-119.64,37.31,15.0,2654.0,530.0,1267.0,489.0,2.8393,INLAND
-118.06,34.03,36.0,21.0,7.0,21.0,9.0,2.375,<1H OCEAN
-122.58,38.58,32.0,2723.0,637.0,1549.0,556.0,2.3942,INLAND
-122.44,37.79,52.0,1447.0,186.0,483.0,181.0,15.0001,NEAR BAY
-118.2,34.13,50.0,2929.0,588.0,1931.0,574.0,3.3438,<1H OCEAN
-121.77,36.92,9.0,4934.0,1112.0,3198.0,977.0,3.5,<1H OCEAN
-118.0,33.91,19.0,5166.0,770.0,2374.0,753.0,5.979,<1H OCEAN
-119.07,35.36,19.0,5254.0,894.0,2155.0,831.0,4.6705,INLAND
-118.33,33.86,36.0,854.0,160.0,473.0,150.0,6.3992,<1H OCEAN
-118.29,33.96,32.0,3508.0,917.0,2794.0,839.0,1.554,<1H OCEAN
-122.23,37.88,41.0,880.0,129.0,322.0,126.0,8.3252,NEAR BAY
-122.28,37.85,49.0,1130.0,244.0,607.0,239.0,2.4597,NEAR BAY
-119.16,34.2,35.0,2183.0,636.0,3504.0,623.0,1.9704,NEAR OCEAN
-122.44,37.72,48.0,2675.0,585.0,1773.0,540.0,3.9565,NEAR BAY
-118.37,34.09,33.0,3180.0,865.0,1347.0,841.0,4.0651,<1H OCEAN
-117.97,34.01,33.0,2006.0,381.0,1410.0,346.0,3.7083,<1H OCEAN
-118.25,33.91,36.0,1950.0,365.0,1125.0,374.0,3.1111,<1H OCEAN
-117.56,33.94,6.0,575.0,73.0,318.0,88.0,7.0215,INLAND
-119.08,35.42,10.0,4159.0,608.0,2089.0,591.0,5.5261,INLAND
-122.28,37.84,52.0,729.0,160.0,395.0,155.0,1.6875,NEAR BAY
-122.21,37.38,28.0,4518.0,578.0,1489.0,559.0,11.3176,NEAR OCEAN
-121.97,37.25,32.0,2892.0,496.0,1193.0,492.0,6.131,<1H OCEAN
-122.28,37.8,52.0,215.0,87.0,904.0,88.0,0.8668,NEAR BAY
-118.09,33.84,27.0,1594.0,295.0,1061.0,320.0,4.7917,<1H OCEAN
-114.59,34.83,41.0,812.0,,375.0,158.0,1.7083,INLAND
-117.23,32.73,44.0,1168.0,263.0,509.0,256.0,2.7273,NEAR OCEAN
-121.62,39.15,23.0,1984.0,528.0,1043.0,452.0,1.9375,INLAND
-120.42,34.87,18.0,2505.0,376.0,1162.0,382.0,4.8359,<1H OCEAN
-117.07,32.61,22.0,5016.0,1331.0,3222.0,1196.0,2.1441,NEAR OCEAN
-122.14,37.44,52.0,3117.0,468.0,1114.0,421.0,6.6756,NEAR BAY
-118.16,33.9,28.0,2410.0,616.0,2399.0,594.0,2.7339,<1H OCEAN
-116.94,32.89,24.0,2541.0,381.0,1078.0,372.0,5.2542,<1H OCEAN
-122.71,37.88,21.0,2845.0,552.0,599.0,250.0,4.3125,NEAR OCEAN
-117.33,34.06,42.0,530.0,123.0,390.0,124.0,1.0469,INLAND
-122.01,37.3,25.0,4044.0,551.0,1699.0,533.0,8.0837,<1H OCEAN
-118.26,34.02,38.0,980.0,285.0,1308.0,310.0,1.5652,<1H OCEAN
-122.09,37.65,35.0,1184.0,200.0,572.0,194.0,4.7143,NEAR BAY
-122.03,37.33,23.0,4221.0,671.0,1782.0,641.0,7.4863,<1H OCEAN
-122.34,37.55,44.0,2465.0,328.0,843.0,324.0,6.9533,NEAR OCEAN
-117.39,33.69,5.0,6529.0,997.0,3464.0,1006.0,5.3275,<1H OCEAN
-118.19,33.78,31.0,1648.0,484.0,898.0,457.0,1.5844,NEAR OCEAN
-122.16,37.72,38.0,1007.0,245.0,618.0,239.0,2.875,NEAR BAY
-118.32,34.09,32.0,563.0,191.0,626.0,185.0,2.0341,<1H OCEAN
-122.26,37.82,31.0,4596.0,1331.0,2048.0,1180.0,2.8345,NEAR BAY
-120.15,39.36,9.0,2254.0,400.0,694.0,243.0,5.6856,INLAND
-117.13,32.74,52.0,1512.0,321.0,651.0,321.0,3.6852,NEAR OCEAN
-118.38,34.07,21.0,3653.0,956.0,1510.0,890.0,3.5573,<1H OCEAN
-118.13,33.76,46.0,2834.0,673.0,1175.0,670.0,4.7875,NEAR OCEAN
-122.2,37.75,36.0,606.0,132.0,531.0,133.0,1.5809,NEAR BAY
-121.44,38.61,41.0,1404.0,313.0,765.0,330.0,1.8792,INLAND
-122.23,37.82,52.0,1611.0,203.0,556.0,179.0,8.7477,NEAR BAY
-118.51,34.03,37.0,4072.0,905.0,1468.0,923.0,3.8571,<1H OCEAN
-122.29,37.82,2.0,158.0,43.0,94.0,57.0,2.5625,NEAR BAY
-117.85,33.8,34.0,1593.0,283.0,872.0,255.0,3.825,<1H OCEAN
-120.16,39.04,18.0,2040.0,402.0,350.0,129.0,4.0313,INLAND
-122.18,37.74,35.0,504.0,126.0,323.0,109.0,1.8438,NEAR BAY
-117.26,33.26,9.0,4609.0,798.0,2582.0,746.0,4.3429,<1H OCEAN
-119.74,36.72,25.0,3972.0,842.0,2863.0,729.0,2.1304,INLAND
-122.04,36.97,40.0,1193.0,227.0,570.0,204.0,4.4659,NEAR OCEAN
-122.29,37.81,49.0,844.0,204.0,560.0,152.0,1.75,NEAR BAY
-121.77,37.68,41.0,1501.0,299.0,629.0,288.0,4.6806,INLAND
-118.46,34.26,33.0,1358.0,247.0,738.0,235.0,5.0947,<1H OCEAN
-118.27,33.98,39.0,2062.0,588.0,1933.0,570.0,1.3801,<1H OCEAN
-122.41,37.72,32.0,1650.0,316.0,904.0,295.0,4.0583,NEAR BAY
-122.2,37.78,39.0,1752.0,399.0,1071.0,376.0,3.1167,NEAR BAY
-122.42,37.8,52.0,2657.0,772.0,1014.0,685.0,4.038,NEAR BAY
-122.29,37.81,20.0,835.0,161.0,290.0,133.0,2.483,NEAR BAY
-120.44,34.94,24.0,2481.0,476.0,1101.0,474.0,3.1576,<1H OCEAN
-121.94,37.29,20.0,710.0,188.0,363.0,176.0,4.0962,<1H OCEAN
-118.16,34.7,33.0,2918.0,494.0,1365.0,478.0,4.8787,INLAND
-117.19,34.08,22.0,2467.0,555.0,1567.0,494.0,2.6536,INLAND
-122.27,37.82,21.0,896.0,453.0,735.0,438.0,0.9218,NEAR BAY
-122.26,37.8,36.0,5329.0,2477.0,3469.0,2323.0,2.0096,NEAR BAY
-121.77,37.33,9.0,3160.0,468.0,1675.0,470.0,7.5443,<1H OCEAN
-122.31,37.5,22.0,14034.0,3020.0,6266.0,2952.0,4.3939,NEAR OCEAN
-121.86,37.31,24.0,1939.0,652.0,1808.0,625.0,2.2259,<1H OCEAN
-121.94,37.33,37.0,818.0,269.0,576.0,261.0,2.1902,<1H OCEAN
-118.13,33.76,52.0,2216.0,526.0,940.0,530.0,4.5469,NEAR OCEAN
-120.65,35.27,52.0,2254.0,642.0,1237.0,590.0,2.6208,NEAR OCEAN
-122.47,37.78,52.0,2388.0,507.0,1078.0,494.0,3.5221,NEAR BAY
-118.35,33.96,21.0,2714.0,881.0,1549.0,853.0,1.2094,<1H OCEAN
-121.51,38.54,34.0,2815.0,479.0,1075.0,471.0,3.9792,INLAND
-122.07,37.91,28.0,1731.0,295.0,810.0,295.0,5.0391,NEAR BAY
-121.74,37.35,34.0,440.0,90.0,217.0,93.0,5.2327,<1H OCEAN
-117.27,34.05,34.0,1703.0,395.0,849.0,359.0,3.1607,INLAND
-122.1,38.24,13.0,7367.0,1042.0,3193.0,983.0,5.3102,NEAR BAY
-121.2,37.6,30.0,2110.0,406.0,1301.0,345.0,2.3173,INLAND
-119.46,36.25,32.0,1702.0,348.0,1016.0,350.0,2.5,INLAND
-118.38,34.05,40.0,2352.0,598.0,1133.0,563.0,3.238,<1H OCEAN
-117.33,34.13,18.0,3009.0,740.0,2317.0,659.0,1.6375,INLAND
-121.44,38.64,18.0,1756.0,442.0,837.0,320.0,1.125,INLAND
-118.56,34.17,35.0,2987.0,391.0,1244.0,387.0,7.1322,<1H OCEAN
-118.1,33.93,35.0,1622.0,302.0,845.0,284.0,4.5769,<1H OCEAN
-117.76,34.07,51.0,1538.0,394.0,1173.0,388.0,2.3156,INLAND
-121.46,38.57,52.0,893.0,159.0,367.0,160.0,3.2386,INLAND
-122.25,37.84,52.0,2535.0,489.0,1094.0,514.0,3.6591,NEAR BAY
-119.8,36.76,52.0,2224.0,418.0,832.0,406.0,2.3952,INLAND
-116.75,32.85,17.0,4863.0,845.0,2266.0,769.0,4.2321,<1H OCEAN
-118.28,33.97,35.0,2305.0,634.0,1978.0,568.0,1.375,<1H OCEAN
-122.42,37.75,52.0,1855.0,611.0,1715.0,614.0,2.1289,NEAR BAY
-118.33,34.06,52.0,1841.0,240.0,693.0,218.0,15.0001,<1H OCEAN
-124.21,40.75,32.0,1218.0,331.0,620.0,268.0,1.6528,NEAR OCEAN
-121.95,36.61,31.0,1736.0,250.0,497.0,170.0,6.3835,NEAR OCEAN
-118.02,34.62,38.0,248.0,55.0,261.0,53.0,2.1413,INLAND
-122.26,37.84,52.0,696.0,191.0,345.0,174.0,2.6736,NEAR BAY
